name,price,code
"Combo 6 Muỗng cafe inox 11.6cm LUCKY_STAR, vỉ 2 cái MNLS","210,000 đ",MNLS-ho
Combo 12 Mút rửa ly tách POLY-TECH KZ118,"260,000 đ",KZ118
10 quyển Sổ A3 bìa cứng 6 tập bằng đầu 240 trang,"460,000 đ",SBCA3BD
4 can nước giặt D-nee  Thái Lan 3L,"676,000 đ",OEMNGD1673
2 chai Xì dầu Càng Cua đặc biệt,"66,000 đ",OEMXD193-ho
150 cái Bao đựng thẻ nhân viên 108,"169,000 đ",THE001
60 tập truyện tranh Tam Quốc Diễn Nghĩa,"990,000 đ",OEMST788
Đừng phê bình tôi,"23,000 đ",OEMST661
2 chai Rượu Vang Hibiscus Roselle,"256,000 đ",MSRVH009
Rượu bán ngọt Hibiscus Roselle,"275,000 đ",MSRBN010
Tấm sưởi điện HK25,"1,100,000 đ",HK25
Quạt sưởi Fairlady NSB-90 công nghệ Đức,"599,000 đ",OEMQS842
Combo 8 chai Nước giặt chống phai màu Kolortex tặng 2 chai xả vải + 1 chai lau sàn + 1 chai lau bếp,"549,000 đ",ERKLT080-10
Combo 4 chai Nước giặt chống lem màu Kolortex,"259,000 đ",ECKLT079-10
Trò chuyện với cõi vô hình,"219,000 đ",OEMST716
Kệ sắt để chậu hoa trang trí,"340,000 đ",OEMKS224
2 lọ Tẩy mốc đa năng của Hàn Quốc,"119,000 đ",OEMTM421
Hộp 12 cái Bút sơn Toyo SA101,"127,000 đ",BS101
Combo 3 vỉ (6 cái)- Nĩa trái cây inox 11.6cm LUCKY_STAR,"158,000 đ",NNLS-Vi
Bộ vợt & bẫy muỗi 2 trong 1,"299,000 đ",SC_MS1947
"Mũ Fedora Floppy dạ nỉ, vành nhỏ","143,000 đ",OEMMD945
Bộ lấy ráy tai khô có đèn và kìm gắp,"116,000 đ",OEMRT069
Giá úp ly cốc inox (25cm x 16cm x 21cm) ST_403,"180,000 đ",ST_403-ho
Chảo chiên SUPER CHEF hợp kim tráng men đáy từ 22cm,"283,000 đ",SC_F2022
Chảo chiên SUPER CHEF hợp kim tráng men đáy từ 24cm,"293,000 đ",SC_F2024
Chảo chiên SUPER CHEF hợp kim tráng men đáy từ 26cm,"320,000 đ",SC_F2026
Quánh nắp kính SUPER CHEF hợp kim phủ vân đá đáy từ 16cm,"283,000 đ",SC_FM2016
Nồi nắp kính SUPER CHEF hợp kim tráng men đáy từ 20cm,"406,000 đ",SC_S2020
Quánh nắp kính SUPER CHEF hợp kim tráng men đáy từ 18cm,"348,000 đ",SC_M2018
Quánh nắp kính SUPER CHEF hợp kim tráng men đáy từ 14cm,"302,000 đ",SC_M2014
Nồi nắp kính SUPER CHEF hợp kim tráng men đáy từ 26cm,"538,000 đ",SC_S2026
Nồi nắp kính SUPER CHEF hợp kim tráng men đáy từ 24cm,"483,000 đ",SC_S2024
Ấm siêu tốc Inox cao cấp 1.2L SWF12P1AVN-150,"434,000 đ",SWF12P1AVN-150
Quạt sưởi 3 bóng Hitachi DH-168,"499,000 đ",OEMQS840
Thang nhôm gấp đa năng Nikawa NKB-44,"4,640,000 đ",NKB-44-ca
Thang nhôm rút đôi Nikawa NK-44AI,"4,210,000 đ",NK-44AI-ca
Thang nhôm gấp đa năng NKB-48,"9,770,000 đ",NKB-48
Thang nhôm gấp Nikawa  NKY-7C,"2,770,000 đ",NKY-7C-ca
Thang nhôm gấp chữ A Nikawa  NKD-04,"1,140,000 đ",NKD-04-ca
2 Hộp chia thuốc Pill Pro,"125,000 đ",OEMHT096-ho
2 đôi Găng tay cao su lót nỉ dài tới khuỷu,"130,000 đ",OEMGT917
Chảo chống dính Everyway F09A28-28cm,"453,000 đ",F09A28
Chảo chống dính Everyway F09A24-24cm,"393,000 đ",F09A24
Chảo chống dính Everyway F09A16-16cm,"180,000 đ",F09A16
Chảo chống dính Everyway F09A-20cm,"216,000 đ",F09A20
"3 túi Muối hồng Himalaya hạt túi 0,5kg","162,000 đ",MH06
"3 túi Muối hồng Himalaya mịn túi 0,5kg","162,000 đ",MH05
2 túi Muối hồng Himalaya hạt loại 1kg,"198,000 đ",MH11
2 túi Muối hồng Himalaya mịn loại 1kg,"198,000 đ",MH10
Bộ tai nghe không dây chống ngủ gật,"130,000 đ",OEMTN233-ho
8 Mút rửa chén siêu bền KD001,"249,200 đ",KD001
12 con Dao trổ 1 lưỡi loại lớn khóa tự động SW91023,"255,000 đ",SW91023
Nồi điện đa năng GAABOR GR-N18A dung tích 1.8L công suất 600W,"259,000 đ",OEMNDG2047
2 Tấm chắn dầu mỡ bắn ra khi nấu ăn,"97,000 đ",OECDM002
Tinh dầu Ngải cứu Pain Oil,"235,000 đ",TD500
"Combo 4 Hộp nhựa thực phẩm tròn, nắp vặn 500ml B_2271KN","271,000 đ",B_2271KN-ho
3 Túi lưới giặt đồ trong máy giặt,"109,000 đ",OEMTL1360
200 hộp Phấn không bụi Việt Hàn,"399,000 đ",PVH001
Ô dù gấp ngược thông minh của Nhật Bản,"129,000 đ",OEMOD182
Máy nướng bánh mỳ & làm sandwich Nikai SF-01,"329,000 đ",OEMNB439
Nước lau sàn thảo dược hương Quế đuổi côn trùng,"169,000 đ",OEMLS417
Ba lô cho bé có dây chống bị lạc,"135,000 đ",OEMBL127
Combo 80 cái Thước kẻ mica 20cm,"180,000 đ",TKM001
Ô dù Mercedes Benz 1 lớp chống tia UV,"299,000 đ",OEMOD179
Cân điện tử dùng cân thực phẩm từ 1g đến 5kg mã WH-B05,"132,000 đ",OEMCD432
Máy cạo râu Chaobo RSCW-9200,"278,000 đ",OEMCR1359
Quạt sạc tích điện DN- 3221,"1,200,000 đ",OEMQS1337
2 cái Khay hồ sơ 3 tầng Mica HR,"266,000 đ",KHS006
Combo 2 cái Khay hồ sơ 2 tầng Mica,"290,000 đ",KHS001
100 cái Thẻ cài ngực Sakura loại mỏng,"160,000 đ",KEP013
100 cái Thẻ cài ngực Sakura loại dày,"180,000 đ",SKR013
2 Quần Tất len cho bé 3 đến 6 tuổi,"77,000 đ",2LenXPKID-de
Quạt mini tích điện để bàn hình thú dễ thương,"175,000 đ",OEMQB1208
Bộ Đệm vải dù thoáng mát cho ghế ô tô,"799,000 đ",OEMDG158
3 Đá bọt chà chân BY333,"279,000 đ",BY333
Truyện cổ Anđecxen,"120,000 đ",OEMST715
Truyện cổ Andersen,"165,000 đ",OEMST714
Micro Livestream & hát Karaoke C7,"229,000 đ",OEMMC506
Bộ Găng tay đấm bốc Aos dành cho trẻ em,"289,000 đ",OEMGT027-ca
Bộ 5 trống Jazz Drum kèm ghế cho bé,"265,000 đ",OEMBT561
4 Khăn tắm new cresty BF200,"281,000 đ",BF200
2kg Bánh nhân Sữa chua/ Sầu riêng/ Chanh dây hoặc Vị Cam,"369,000 đ",OEMBX397
20 cái Bánh sữa chua Horsh,"128,000 đ",PVN154
"Túi ngủ du lịch, ngủ trưa văn phòng","240,000 đ",OEMTN197
Combo 12 cái Kéo 809,"215,000 đ",KEO005
Điện thoại Nokia 1280 Full box,"340,000 đ",OEMDTN1685
20 tập Giấy phân trang 5 màu nhựa hình chữ nhật,"159,000 đ",NNV001
"2 Cuộn giấy tráng nhôm dán bếp, lót ngăn kéo chống ẩm, dầu mỡ, bụi bẩn","99,000 đ",OEMGN1139
Bộ ấm chén trà 7 màu độc đáo,"189,000 đ",OEMBT456
"24 vỉ Pin Energizer 2A, 3A  loại 2 viên/vỉ","252,000 đ",PIN001
Bộ nồi hấp inox 3 tầng đường kính 28cm,"185,000 đ",OEMNH806
10 Túi hút chân không kèm Bơm điện,"380,000 đ",OEMTHCK1828
Bàn gấp có mặt bàn hình Iphone,"129,000 đ",OEMBG366-ho
Mũ vải 2 mặt vành rộng chống tia UV,"137,000 đ",OEMMV062
Combo 5 cái File càng cua Savi 10 cm,"205,000 đ",FILE002
Combo 5 cái File càng cua Trà My 9cm,"205,000 đ",FILE1681
Chăn đũi mùa hè mẫu mới,"295,000 đ",OEMCDH1158-ho
Hạt Đậu Hà Lan sấy giòn 1000g,"112,000 đ",OEMDS618
Mì Hoành Thánh Tôm 79g,"9,000 đ",8934563104160
Hảo Hảo Mì Tôm xào chua ngọt 75g,"4,500 đ",8934563151157
Ô trong suốt phong cách Hàn Quốc,"89,000 đ",OEMOD180
Miến Phú Hương Thịt heo nấu măng 54g,"11,000 đ",8934563302153
Mì Modern Lẩu Thái Tôm 67g,"9,000 đ",8934563619138
Hảo Hảo Mì tôm chua cay 75g,"4,500 đ",8934563138165
Combo 5 cái File càng cua Plus 7 cm khổ F,"253,000 đ",FILE019
Kỹ thuật lập kế hoạch kinh doanh,"55,000 đ",OEMST677
Tình Yêu Bất Tận của Mẹ,"99,000 đ",OEMST710
"2 Hộp nhựa thực phẩm tròn, cao, nắp vặn 500ml B_2274KN","176,000 đ",B_2274KN-ho
"Giỏ đựng đồ giặt cỡ lớn , trắng - L_5033WB","356,000 đ",L_5033WB-ho
Bộ Loa kéo SOK NE-804 cao cấp tặng 2 Mic,"4,189,000 đ",OEMBLK1178
18 miếng Thảm lót cầu thang chống trơn trượt,"809,000 đ",OEMTL936
"2 Kem dưỡng ẩm, chống nứt nẻ Da tay BENEW Green Tea Hand Cream 50ml","150,000 đ",TAKDD083-ho
Que thử dành cho máy đo đường huyết GL50 mã TESTGL50,"250,000 đ",TESTGL50
Que thử dành cho máy đo đường huyết GL42 mã TESTGL42,"250,000 đ",TESTGL42
Muối chấm Hảo hảo Tôm chua cay 120g,"16,000 đ",8934563065249
Hằng Nga Bún giò heo 75g,"9,500 đ",8934563973155
Miến Phú Hương Yến tiệc 210g,"31,000 đ",8934563321406
Fensy Nước rửa chén thảo dược Quế 2L,"80,000 đ",8938512082332
Fenmax Nước giặt thiên nhiên 3.6L,"100,000 đ",8938512082769
Fensy Nước rửa chén thảo dược Quế 3.2L,"110,000 đ",8938512082370
Okashi Nước rửa chén thảo dược Bạc Hà & Lô Hội 1L,"40,000 đ",8938512082042
Fendi Nước lau sàn thảo dược Sả 3.3L,"100,000 đ",8938512082011
Fensy Nước rửa chén thảo dược Quế 900ml,"35,000 đ",8938512082134
Okasshi Bột tẩy rửa đa năng 500g,"40,000 đ",8938512082936
Okashi Nước rửa chén thảo dược Bạc hà - Lô hội 2L,"80,000 đ",8938512082912
Okashi Nước lau sàn thảo dược Quế 3.3L,"100,000 đ",8938512082752
3 Bánh sandwich nhân sữa Horsh,"30,000 đ",PVN153
Bánh bông lan Shougong loại to,"21,000 đ",PVN152
Máy ép & nướng bánh mỳ 2 mặt Comelec,"889,000 đ",OEMMN537
Máy làm Sữa chua loại mới Yogurt Maker,"369,000 đ",OEMSC012
Tôm viên,"2,000 đ",TV
3 hộp Bánh trứng chảy mèo thần tài 300g,"165,000 đ",6972948661176
6 cái Bánh trứng chảy mèo thần tài 50g,"65,000 đ",PVN155
40 túi Fami Sữa đậu nành Canxi 200ml,"180,000 đ",8934614030431
40 túi Sữa đậu nành Fami nguyên chất 200ml,"160,000 đ",8934614021644
24 hộp Sữa đậu nành Fami Canxi ít đường hộp 200ml,"120,000 đ",8934614030509
24 hộp Sữa đậu nành canxi Fami 200ml,"120,000 đ",8934614030424
24 hộp Sữa đậu nành Fami nguyên chất ít đường 200ml,"120,000 đ",8934614030349
24 hộp Sữa đậu nành Fami nguyên chất 200ml,"120,000 đ",8934614015025
10 Sữa chua dẻo Merino Phomai 50g,"6,000 đ",8936011779197
Kem Celano Trân châu Dâu Phomai hộp 200g,"53,000 đ",8936011779777
20 cây Kem Ốc quế Celano Sữa chua Nam việt quất 66g,"349,000 đ",8936011771436
Combo 10 cái Cắt băng dính sắt cầm tay 5cm - Dân Hoa,"229,000 đ",CAT003
Xúc xích hong khói,"14,000 đ",XXHK
Xúc xích vườn bia,"6,000 đ",XXVB
Xúc xích Đức Việt,"10,000 đ",XXDV
Trứng cút,"2,000 đ",TC
Rau củ tổng hợp,"3,000 đ",RCTH
Mì indomie,"6,000 đ",MIDM
Bò viên,"2,000 đ",BOVIEN
3 hộp Bánh ngon ngon FRANZZI,"165,000 đ",OEMBFZ1589
Gà cuộn rong biển,"7,000 đ",GCRB
Cá viên,"2,000 đ",VCV
Viên hải sản rau củ,"2,000 đ",HSRC
Gà xiên que,"13,000 đ",GXQ
Phomai trứng muối,"3,000 đ",PMTM
Tôm Surimi,"3,000 đ",TSRM
Mực xoắn,"3,000 đ",VMX
"2 hộp Bánh hạt dẻ thơm, ngọt, bùi","249,000 đ",OEMBK606
Chổi quét bụi Hurricane Spin Duster pin sạc,"195,000 đ",OEMCL415
Thang nhôm đa năng Ameca AMC-M310C,"2,085,000 đ",AMC-M310C-ca
Sủi cảo nhân thịt,"2,000 đ",SCNT
Đậu hũ Phomai,"6,000 đ",DHPM
"Giỏ đựng đồ giặt cỡ trung, trắng - L_5032WB","249,000 đ",L_5032WB-ho
Combo 10 cái File càng cua Savi 3cm,"259,000 đ",FILE003
Combo 6 tập Sơ mi lỗ Mylac loại mỏng,"179,000 đ",SML009
Bếp điện từ Panasonic kèm nồi inox,"629,000 đ",OEMBT132-ho
Hồ lô Thái,"2,000 đ",HOLOTHAI
Nem chua nhân phomai,"7,000 đ",NCNFM
Nem chua rán,"5,500 đ",NCR
Set 10 nem chua mix 2 vị,"61,000 đ",S10NCM
Set 10 nem chua phomai thơm nức & béo ngậy,"69,000 đ",S10NCFM
Set 10 nem chua rán thơm ngọt,"53,000 đ",S10NCR
Mẹt viên chiên truyền thống,"42,000 đ",MVCTT
Mẹt viên chiên cao cấp,"105,000 đ",MVCCC
Mì Indomie trộn hồ lô,"28,000 đ",MTHL
Mì Indomie trộn sủi cảo,"25,000 đ",MTSC
Mì Indomie trộn bò viên,"20,000 đ",MTBV
Mì Indomie trộn tôm viên,"20,000 đ",MTTV
Mì Indomie trộn hải sản rau củ,"21,000 đ",MTHSRC
Mì Indomie trộn trứng cút,"21,000 đ",MTTC
Mì Indomie trộn thập cẩm sang xịn mịn,"46,000 đ",MTTCSXM
Mì Indomie trộn thập cẩm,"31,000 đ",MTTC
Mì Indomie trộn cá viên,"20,000 đ",MTCV
Mì Indomie trộn rau củ,"20,000 đ",MTRC
Chảo Blackcube inox 26cm 3 lớp đáy từ chống dính SeoulCook,"989,000 đ",CBC26
Chảo Easy Seoulcook 24cm đáy từ chống dính vân đá Hàn Quốc dùng cho mọi loại bếp,"649,000 đ",CEIH24Đ
Nồi Easy Seoulcook 18cm Hồng đáy từ chống dính vân đá Hàn Quốc dùng cho mọi loại bếp,"889,000 đ",NEIH18H
Nồi Easy Seoulcook 20cm Xám đáy từ chống dính vân đá Hàn Quốc dùng cho mọi loại bếp,"989,000 đ",NEIH20X
"Bộ 3 món nồi chảo đáy từ Seoulcook Healthy, phong cách Châu Âu, dùng cho mọi loại bếp","1,399,000 đ",SH-S3
"Nồi chống dính 20cm đáy từ Seoulcook Healthy, dùng cho mọi loại bếp","539,000 đ",SH20
Dầu ăn Vạn Thọ Tường An 400ml,"23,000 đ",8936035100168
Dầu ăn Vạn thọ Tường An 1L,"49,000 đ",8936035100175
Dầu Đậu nành Tường An 1L,"67,000 đ",8936035100311
Dầu Đậu nành Tường An 2L,"132,000 đ",8936035100328
Dầu ăn Vạn thọ Tường An 5L,"242,000 đ",8936035100199
Dầu Đậu nành Tường An 5L,"319,000 đ",8936035100335
Dầu ăn Vạn Thọ Tường An 2L,"103,000 đ",8936035100182
Soy Secretz Sữa đậu nành Gạo rang 180ml,"31,000 đ",8853002303394
Soy Secretz Sữa đậu nành Mè đen ít đường 180ml,"31,000 đ",8851717200687
Soy Secretz Sữa đậu nành Ngô ngọt 180ml,"31,000 đ",8853002303349
Soy Secretz Sữa đậu nành Collagen 180ml,"31,000 đ",8853002302434
Mì Indomie Đặc biệt 85g,"6,000 đ",089686010947
Mì Indomie vị Sườn 80g,"6,000 đ",089686043686
Mì Indomie Cay nồng 79g,"6,000 đ",089686011036
Mì Indomie Bò cay 91g,"6,000 đ",089686910704
"Bộ 2 nồi chống dính 20cm & 24cm đáy từ Seoulcook Healthy, phong cách Châu Âu, dùng cho mọi loại bếp","1,029,000 đ",SHN20C24
"Chảo chống dính 24cm đáy từ Seoulcook Healthy, dùng cho mọi loại bếp","489,000 đ",SHC24
"Nồi chống dính 24cm đáy từ Seoulcook Healthy, dùng cho mọi loại bếp","589,000 đ",SH24
Bộ 3 món nồi chảo chống dính Seoulcook Luxury dùng cho mọi loại bếp,"1,399,000 đ",SL-S3
"Bộ nồi chống dính 20cm & chảo 24 cm đáy từ Seoulcook Healthy, phong cách Châu Âu, dùng cho mọi loại bếp","1,129,000 đ",SHN2024
"Bộ nồi chảo chống dính 24cm đáy từ Seoulcook Healthy, phong cách Châu Âu, dùng cho mọi loại bếp","1,079,000 đ",SHN24C24
3 hộp Bút bi Thiên long 079 nét 0.5mm,"249,000 đ",BUT079
Combo 20 quyển Vở 120 trang Hồng Hà 1001,"229,000 đ",VHS001
"Chảo chống dính sâu lòng 32cm đáy từ Seoulcook Luxury, dùng cho mọi loại bếp","719,000 đ",SLCSL32
"Nồi chống dính 20cm đáy từ Seoulcook Luxury, dùng cho mọi loại bếp","689,000 đ",SL20
"Nồi quánh chống dính 16cm đáy từ Seoulcook Luxury, dùng cho mọi loại bếp","649,000 đ",SL16
"Chảo chống dính hình chữ nhật 15cm x 20 cm đáy từ Hàn Quốc, dùng cho mọi loại bếp","499,000 đ",SCV1520
"Bộ quánh 16cm & chảo sâu lòng 32cm đáy từ Seoulcook Luxury, dùng cho mọi loại bếp","1,079,000 đ",SLQ16CSL32
"Bộ quánh 16cm & nồi 20cm đáy từ Seoulcook Luxury, dùng cho mọi loại bếp","1,029,000 đ",SLQ16N20
"Bộ nồi 20cm & chảo sâu lòng 32cm đáy từ Seoulcook Luxury, dùng cho mọi loại bếp","1,129,000 đ",SLN20CSL32
"Bộ nồi chảo 4 món SH1 đáy từ Seoulcook Hàn Quốc, dùng cho mọi loại bếp","1,599,000 đ",SH1
"Bộ nồi chảo 3 món SH2 đáy từ Seoulcook Hàn Quốc, dùng cho mọi loại bếp","1,399,000 đ",SH2
"Bộ 2 chảo SH5 đáy từ Seoulcook Hàn Quốc, dùng cho mọi loại bếp","739,000 đ",SH5
"Bộ nồi chảo 2 món SH4 đáy từ Seoulcook Hàn Quốc, dùng cho mọi loại bếp","789,000 đ",SH4
"Bộ nồi chảo 2 món SH3 đáy từ Seoulcook Hàn Quốc, dùng cho mọi loại bếp","739,000 đ",SH3
"Bộ nồi chảo 4 món SL1 Seoulcook Hàn Quốc, dùng cho mọi loại bếp","1,899,000 đ",SL1
"Bộ nồi chảo 2 món SL3 đáy từ Seoulcook Hàn Quốc, dùng cho mọi loại bếp","739,000 đ",SL3
"Bộ nồi chảo 3 món SL2 đáy từ Seoulcook Hàn Quốc, dùng cho mọi loại bếp","1,399,000 đ",SL2
"Bộ nồi chảo 2 món SL4 đáy từ Seoulcook Hàn Quốc, dùng cho mọi loại bếp","789,000 đ",SL4
Chảo chống dính Marble Super Chef 2 miệng rót 24cm,"348,000 đ",SC_OF2024
"Bộ 2 chảo SL5 đáy từ Seoulcook Hàn Quốc, dùng cho mọi loại bếp","889,000 đ",SL5
"Nồi cơm điện mini Rice Cooker Seoulcook 1,2l tặng khay hấp, vá cơm, cốc đong màu nâu","849,000 đ",NCRCT
"Nồi cơm điện mini Rice Cooker Seoulcook 1,2l tặng khay hấp, vá cơm, cốc đong màu xanh","849,000 đ",NCRCXL
"Nồi cơm điện mini Rice Cooker Seoulcook 1,2l tặng khay hấp, vá cơm, cốc đong màu hồng","849,000 đ",NCRCN
"Nồi cơm điện mini Rice Cooker Seoulcook 1,2l tặng khay hấp, vá cơm, cốc đong màu đỏ","849,000 đ",NCRCD
Chảo đúc chống dính sâu lòng 28cm Megastone Hàn Quốc màu mận tím,"389,000 đ",CTS
Chảo chiên SUPER CHEF hợp kim tráng men đáy từ 18cm,"245,000 đ",SC_F2018
Imperia Bánh quy chanh Rosy 100g,"13,000 đ",8850332241365
Imperia Bánh quy Phomai Rosy 100g,"13,000 đ",8850332241402
Snack que thái đỏ 20g,"5,000 đ",8850157511650
Snack que thái cam 20g,"5,000 đ",8850157511452
Snack que thái vàng 20g,"5,000 đ",8850157515016
Heineken Original 330ml,"21,000 đ",8934822212339
Heineken Silver 330ml,"20,000 đ",8934822201210
Bia Việt 330ml,"20,000 đ",8934822220112
Tiger xanh Lager beer 330ml,"17,500 đ",8934822112332
Tiger bạc Crystal 330ml,"19,000 đ",8934822801335
Strongbow Nước táo lên men Dâu đen 330ml,"20,000 đ",8934822171216
Strongbow Nước táo lên men 330ml,"20,000 đ",8934822111212
Strongbow Nước táo lên men Dâu đỏ 330ml,"20,000 đ",8934822121211
Quần liền tất cho bà bầu có thể điều chỉnh độ rộng cạp,"119,000 đ",OEMQT1029-ho
Chảo sâu SUPER CHEF hợp kim tráng men 16cm,"214,000 đ",SC_DF2016
Chảo sâu SUPER CHEF hợp kim tráng men đáy từ 20cm,"263,000 đ",SC_DF2020
Chảo sâu SUPER CHEF hợp kim tráng men đáy từ 24cm,"318,000 đ",SC_DF2024
Chảo xào SUPER CHEF hợp kim tráng men đáy từ 26cm,"416,000 đ",SC_W1026
Chảo xào SUPER CHEF hợp kim tráng men đáy từ 28cm,"438,000 đ",SC_W1028
Chảo xào SUPER CHEF hợp kim tráng men đáy từ 30cm,"461,000 đ",SC_W1030
Chảo xào SUPER CHEF hợp kim tráng men đáy từ 32cm,"438,000 đ",SC_W1532
Chảo xào SUPER CHEF hợp kim tráng men đáy từ 36cm,"570,000 đ",SC_W1536
Chảo vuông SUPER CHEF hợp kim tráng men đáy từ 20*20cm,"293,000 đ",SC_G2020
Chảo vuông SUPER CHEF hợp kim tráng men đáy từ 24*24cm,"330,000 đ",SC_G2024
Quánh vuông nắp kính SUPER CHEF hợp kim tráng men đáy từ 20*20cm,"461,000 đ",SC_G2020M
Bộ quánh vuông nắp kính + rổ inox SUPER CHEF hợp kim tráng men đáy từ 24*24cm,"703,000 đ",SC_G2024S
Nồi lẩu vuông nắp kính SUPER CHEF hợp kim tráng men đáy từ 20*20cm,"472,000 đ",SC_G2020C
Combo 10 quyển Sổ lò xo A5 BK dày 200 trang,"199,000 đ",SLX002
Nồi lẩu vuông nắp kính SUPER CHEF hợp kim tráng men đáy từ 24*24cm,"549,000 đ",SC_G2024C
Nồi nắp kính SUPER CHEF hợp kim tráng men đáy từ 16cm,"322,000 đ",SC_S2016
Bộ 4 nồi chảo SUPER CHEF Black-Diamond hợp kim tráng men đáy từ 18-20-24-26cm,"1,856,000 đ",SC_D4326S
Bộ 3 nồi chảo SUPER CHEF Black-Diamond hợp kim tráng men đáy từ 24cm,"1,646,000 đ",SC_C3324S
Bộ 3 nồi SUPER CHEF hợp kim tráng men đáy từ 16-20-24cm,"1,099,000 đ",SC_C3214S
"Bộ chảo nồi mini SUPER CHEF hợp kim tráng men 14cm, nồi đáy từ","438,000 đ",SC_B2114S
Bếp điện lẩu-nướng kết hợp Super Chef,"932,000 đ",SC_EG3022
Chảo chống dính Marble Super Chef 2 miệng rót 20cm,"279,000 đ",SC_OF2020
Chảo chống dính Marble Super Chef 2 miệng rót 28cm,"398,000 đ",SC_OF2028
Quánh chống dính Marble Super Chef 2 miệng rót 16cm,"398,000 đ",SC_OM2016
Quánh chống dính Marble Super Chef 2 miệng rót 18cm,"458,000 đ",SC_OM2018
Quánh chống dính Marble Super Chef 2 miệng rót 20cm,"498,000 đ",SC_OM2020
Nồi chống dính Marble Super Chef 2 miệng rót 20cm,"548,000 đ",SC_OS2020
Nồi chống dính Marble Super Chef 2 miệng rót 24cm,"698,000 đ",SC_OS2024
Mái che xe máy điện & xe đạp điện,"289,000 đ",OEMOD534
Rổ ăn lẩu 4 ngăn Super Chef,"181,000 đ",SC_PB3443
Bộ 6 nắp silicon đậy thực phẩm siêu tiện lợi,"117,000 đ",SC_FC2061
Thùng rác gấp gọn treo tủ bếp,"166,000 đ",SC_FT2909
Dụng cụ rửa ly/ cốc Super Chef,"119,000 đ",SC_CW8092
Bao tay/ Găng tay silicon đa năng,"130,000 đ",SC_SG3401
Chai xịt dầu ăn thủy tinh 90ml,"145,000 đ",SC_OS0109
Kẹp gắp thực phẩm đa năng Super Chef inox 304,"181,000 đ",SC_MFT5026
Bộ dao Super Chef mạ Titan có giá đỡ từ tính,"1,138,000 đ",WK6PCS
Chai xịt dầu ăn thủy tinh 180ml,"179,000 đ",SC_OS0118
Khay nhựa Super Chef kê dụng cụ nấu ăn,"90,000 đ",SC_UH7005
Bộ 2 nhấc nồi silicon chống nóng hình bướm Super Chef,"85,000 đ",SC_SH1202
Miếng lót nồi silicon đa năng Super Chef,"90,000 đ",SC_SP1901
Rổ inox Super Chef 31.5cm 2 quai,"174,000 đ",SC_PHB0232
Rổ inox Super Chef 28.5cm 2 quai,"158,000 đ",SC_PHB0229
Rổ inox Super Chef 25.5cm 2 quai,"150,000 đ",SC_PHB0226
Ly uống nước có ống hút tiện lợi,"179,000 đ",OEMBN461
Rổ inox Super Chef 16.5cm 2 quai,"117,000 đ",SC_PHB0217
Rổ inox Super Chef 19.5cm 2 quai,"125,000 đ",SC_PHB0220
Rổ inox Super Chef 22.5cm 2 quai,"133,000 đ",SC_PHB0223
Thau inox 304 Super Chef 21cm MB3221,"163,000 đ",SC_MB3221
Thau inox 304 Super Chef 18cm DB3118,"154,000 đ",SC_DB3118
Thau inox 304 Super Chef 15cm DB3115,"137,000 đ",SC_DB3115
Thau inox 304 Super Chef 24cm DB3124,"187,000 đ",SC_DB3124
Thau inox 304 Super Chef 21cm DMB3321,"166,000 đ",SC_DMB3321
Thau inox 304 Super Chef 24cm MB3224,"179,000 đ",SC_MB3224
"Bộ 10 Hũ thủy tinh làm sữa chua, caramen","119,000 đ",OEMHT1098
Thau inox 304 Super Chef 27cm MB3227,"203,000 đ",SC_MB3227
Thau inox 304 Super Chef 30cm MB3230,"220,000 đ",SC_MB3230
Thau inox 304 Super Chef 12cm DMB3312,"124,000 đ",SC_DMB3312
Thau inox 304 Super Chef 16cm DMB3316,"150,000 đ",SC_DMB3316
Thau inox 304 Super Chef 21cm DB3121,"170,000 đ",SC_DB3121
Bình đun siêu tốc nhựa Super Chef,"317,000 đ",SC_KP1775
Bình đun siêu tốc thủy tinh Super Chef,"486,000 đ",SC_KG1765
Bình đun siêu tốc inox Super Chef KS1721,"524,000 đ",SC_KS1721
Bình đun siêu tốc inox Super Chef KS1732,"545,000 đ",SC_KS1732
Máy xay sinh tố cầm tay Super Chef PJ1902 (Hồng),"629,000 đ",SC_PJ1902
Máy xay sinh tố cầm tay Super Chef PJ_1901 (Xanh),"629,000 đ",SC_PJ1901
Vợt muỗi sạc điện Pin Lithium 4V 1200mah,"218,000 đ",SC_MS1929
Vợt muỗi sạc điện và sạc năng lượng mặt trời,"198,000 đ",SC_MS1935
Áo sơ mi nam dài tay vải Kaki Hàn Quốc màu Xanh Đen,"238,000 đ",OEMAKKN2096
Bộ 5 bút nước vẽ lông mày màu tự nhiên Aiyi,"149,000 đ",OEMBV283
3 thảm thổ cẩm có chống trơn,"129,000 đ",OEMTTC1597
Áo sơ mi nam dài tay kẻ caro chìm vải Cotton màu Ghi Xám XAT202,"344,000 đ",OEMASMN2101
Áo sơ mi nam dài tay kẻ sọc vải Cotton màu Xanh Dương AC152,"314,000 đ",OEMASMN2100
Áo sơ mi nam cộc tay họa tiết chìm vải Sợi Tre màu Xanh Dương GD561,"314,000 đ",OEMASMN2102
Áo sơ mi nam dài tay vải Kaki Hàn Quốc màu Tàn tro,"238,000 đ",OEMAKKN2097
Áo sơ mi nam dài tay vải Kaki Hàn Quốc màu Ghi đá,"238,000 đ",OEMAKKN2098
Áo sơ mi nam dài tay vải Kaki Hàn Quốc màu Nâu vàng,"238,000 đ",OEMAKKN2099
20 cây Bút dạ bảng Thiên Long WB-03,"130,000 đ",BDB001
12 con Dao trổ 1 lưỡi núm xoay SW91024,"264,000 đ",SW91024
36 hộp Kẹp hồ sơ sắt đen 19mm Echo,"189,000 đ",KEP002
20 cây Bút xóa Thiên Long CP-02 12ml,"172,000 đ",BXT001
Áo sơ mi nam dài tay họa tiết chấm bi vải Cotton màu Xanh Tím Than X309,"244,000 đ",OEMASMN2103
Áo sơ mi nam cộc tay kẻ caro to vải Cotton màu Xanh Than XNC130,"374,000 đ",OEMASMN2104
Áo sơ mi nam dài tay có kẻ sọc vải Cotton lụa Hàn Quốc màu Trắng F8888,"148,000 đ",OEMASMN2105
Áo sơ mi nam dài tay họa tiết hoa 6 cánh vải Cotton màu Xanh da trời AC143,"314,000 đ",OEMASMN2107
Áo sơ mi nam dài tay họa tiết vết xước vải Cotton sợi màu Xanh Dương 8561,"314,000 đ",OEMASMN2106
Áo sơ mi nam dài tay có họa tiết nhỏ vải chống nhăn màu Trắng lụa SH002,"314,000 đ",OEMASMN2108
Áo sơ mi nam cộc tay kẻ ngang vải Sợi Tre màu Xanh Dương GD566,"314,000 đ",OEMASMN2111
Áo sơ mi nam cộc tay kẻ trắng vải Sợi Tre màu Xanh Dương GD553,"314,000 đ",OEMASMN2109
Áo sơ mi nam dài tay có họa tiết vải Cotton màu Xanh Dương AC146,"314,000 đ",OEMASMN2110
Áo sơ mi nam dài tay họa tiết nốt nhạc kép xanh vải Cotton màu Trắng X302,"374,000 đ",OEMASMN2112
Áo sơ mi nam dài tay chấm bi vải Cotton màu Tím nhạt AC156,"314,000 đ",OEMASMN2113
Áo sơ mi nam dài tay có túi ngực vải Cotton màu Trắng Sứ A12,"244,000 đ",OEMASMN2114
Áo sơ mi nam dài tay có kẻ ngang to vải Sợi Tre màu Xanh Dương Y8566,"314,000 đ",OEMASMN2116
Áo sơ mi nam dài tay kẻ sọc đôi vải Cotton màu Xanh Dương 327,"274,000 đ",OEMASMN2117
Áo sơ mi nam dài tay kẻ caro trắng nhỏ vải Cotton màu Xanh Dương AC159,"314,000 đ",OEMASMN2120
Áo sơ mi nam cộc tay kẻ caro xanh vải Cotton  màu Trắng V815,"244,000 đ",OEMASMN2119
Áo sơ mi nam dài tay kẻ sọc tăm vải Cotton màu Đỏ AC153,"314,000 đ",OEMASMN2118
Áo sơ mi nam cộc tay họa tiết vết xước vải Cotton sợi màu Tím nhạt GD563,"314,000 đ",OEMASMN2115
Áo sơ mi nam dài tay kẻ caro trắng vải Sợi Tre màu Xám nhạt X8551,"274,000 đ",OEMASMN2121
Áo sơ mi nam dài tay kẻ caro vải Sợi Tre màu Đen AC131,"344,000 đ",OEMASMN2122
Áo sơ mi nam dài tay kẻ caro vải Sợi Tre màu Xanh Lục AC139,"374,000 đ",OEMASMN2123
Áo sơ mi nam cộc tay họa tiết hoa nhí trắng vải Cotton màu Xanh Tím Than 809,"314,000 đ",OEMASMN2124
Áo sơ mi nam dài tay kẻ sọc vải Cotton màu Nâu Xám AT211,"374,000 đ",OEMASMN2125
Áo sơ mi nam cộc tay kẻ caro vải Cotton màu Ghi Xám NT202,"344,000 đ",OEMASMN2126
Áo sơ mi nam dài tay họa tiết nhỏ vải Cotton màu Xanh Tím Than 309,"244,000 đ",OEMASMN2129
Áo sơ mi nam dài tay họa tiết nhỏ vải Cotton màu Xanh Than sẫm SH001,"314,000 đ",OEMASMN2128
Áo sơ mi nam dài tay trơn có túi vải Cotton màu Xanh Than sẫm XA13,"244,000 đ",OEMASMN2127
Áo sơ mi nam dài tay kẻ caro vải Cotton màu Nâu Đậm XAC135,"344,000 đ",OEMASMN2130
Áo sơ mi nam dài tay kẻ caro vải Sợi Tre màu Xanh Sẫm AC140,"344,000 đ",OEMASMN2131
Áo sơ mi nam dài tay kẻ xanh ngang vải Sợi Tre màu Xanh Da Trời 8566,"314,000 đ",OEMASMN2132
Hộp đựng khăn giấy hình chú Khỉ bằng bông,"164,000 đ",OEMHG510-ho
Áo sơ mi dài tay kẻ caro vải Sợi Tre màu Xanh Than AC130,"374,000 đ",OEMASMN2133
Áo sơ mi cộc tay có túi vải Polyspun màu Trắng trơn SRN03,"244,000 đ",OEMASMN2135
Áo sơ mi dài tay kẻ caro trắng vải Cotton màu Xanh Dương X8553,"314,000 đ",OEMASMN2134
Áo sơ mi dài tay có túi vải Cotton màu Xanh Dương trơn A14,"314,000 đ",OEMASMN2136
Áo sơ mi nam cộc tay họa tiết vết xước vải Sợi Tre màu Xanh Ngọc GD560,"314,000 đ",OEMASMN2137
Áo sơ mi nam dài tay kẻ caro to vải Cotton màu Nâu sẫm AC128,"344,000 đ",OEMASMN2138
Áo sơ mi nam dài tay vải Sợi Tre kẻ caro màu Xám AC127,"344,000 đ",OEMASMN2144
Áo sơ mi nam dài tay kẻ caro vải Sợi Tre màu Xanh Lục YAT204,"344,000 đ",OEMASMN2145
Áo sơ mi nam dài tay kẻ tăm vải Cotton màu Xanh Dương 326,"274,000 đ",OEMASMN2139
Áo sơ mi nam dài tay kẻ caro nhỏ vải Cotton màu Xanh sẫm AC148,"314,000 đ",OEMASMN2140
Áo sơ mi nam dài tay kẻ caro đen nhỏ vải Cotton màu Trắng AC155,"314,000 đ",OEMASMN2141
Áo sơ mi nam cộc tay kẻ caro sẫm vải Cotton màu Xanh Tím Than NT201,"277,000 đ",OEMASMN2142
Áo sơ mi nam cộc tay kẻ caro xanh vải Cotton màu Xanh V818,"244,000 đ",OEMASMN2143
Áo sơ mi nam dài tay vải Cotton màu Ghi Xám kẻ caro AT202,"344,000 đ",OEMASMN2146
Áo sơ mi nam dài tay vải Cotton màu Xanh Dương chấm bi trắng AC157,"344,000 đ",OEMASMN2147
Áo sơ mi nam dài tay vải Cotton màu Xanh Ngọc họa tiết vết xước 8560,"314,000 đ",OEMASMN2148
Áo sơ mi nam dài tay vải sợi Cotton màu Xanh Đen kẻ caro AC124,"344,000 đ",OEMASMN2149
Áo sơ mi nam dài tay vải Sợi Tre màu Xanh Than kẻ caro XAC130,"374,000 đ",OEMASMN2150
Áo sơ mi nam dài tay vải Sợi Tre màu Xanh Đen kẻ caro chìm AT207,"344,000 đ",OEMASMN2151
Áo sơ mi nam dài tay vải Sợi Tre màu Nâu sẫm kẻ caro AC135,"374,000 đ",OEMASMN2152
Áo sơ mi nam cộc tay vải Sợi Tre màu Đen kẻ caro NC131,"341,000 đ",OEMASMN2154
Áo sơ mi nam dài tay vải Cotton màu Xanh Than trơn A13,"244,000 đ",OEMASMN2153
Áo sơ mi nam dài tay vải Cotton màu Ghi kẻ sọc Xanh AC151,"314,000 đ",OEMASMN2155
Áo sơ mi nam dài tay vải Cotton màu Trắng có sọc màu Xám nhạt AT205,"371,000 đ",OEMASMN2156
"Combo 48 cây Bút Gel Pen xanh, đỏ đen mã SWP9","229,000 đ",SWP9
"24 cây Bút Gel xanh, đỏ, đen Sunwood mã SWP5","168,000 đ",SWP5
Áo sơ mi nam dài tay vải Nano chống nhăn màu Trắng trơn SRD05,"341,000 đ",OEMASMN2159
Áo sơ mi nam dài tay vải Cotton màu Xanh Đen họa tiết lưới X301,"329,000 đ",OEMASMN2157
Áo sơ mi nam dài tay vải Cotton màu Đen kẻ sọc xám AT206,"371,000 đ",OEMASMN2162
Áo sơ mi nam dài tay vải Cotton màu Xanh Tím Than kẻ caro to XAT201,"284,000 đ",OEMASMN2163
Áo sơ mi nam dài tay vải Cotton màu Trắng Xanh kẻ ô vuông nhỏ AC154,"341,000 đ",OEMASMN2164
Áo sơ mi nam dài tay vải Sợi Tre màu Be AT208,"344,000 đ",OEMASMN2161
Áo sơ mi nam dài tay vải Sợi Tre màu Đỏ Bordeaux AC123,"374,000 đ",OEMASMN2160
Áo sơ mi nam cộc tay vải Sợi Tre màu Xanh Ngọc họa tiết vết xước XGD560,"314,000 đ",OEMASMN2158
Áo sơ mi nam dài tay vải Sợi Tre màu Xanh Than nhạt kẻ caro to YAC130,"371,000 đ",OEMASMN2165
Áo sơ mi nam dài tay vải Cotton màu Xanh Tím Than kẻ caro chìm AT201,"349,000 đ",OEMASMN2181
Áo sơ mi nam cộc tay vải Sợi Tre màu màu Xanh Dương kẻ caro NT203,"341,000 đ",OEMASMN2166
Áo sơ mi cộc tay vải Sợi Tre màu Nâu nhạt kẻ caro nâu đậm NC135,"341,000 đ",OEMASMN2168
Áo sơ mi nam cộc tay vải Nano chống nhăn màu Trắng trơn SRN01,"311,000 đ",OEMASMN2169
Áo sơ mi nam dài tay vải Sợi Tre màu Xanh Lục kẻ caro to AT204,"341,000 đ",OEMASMN2170
Áo sơ mi nam dài tay vải Sợi Tre màu Nâu kẻ caro màu Nâu sẫm YAC135,"374,000 đ",OEMASMN2171
Áo sơ mi nam cộc tay vải Sợi Tre màu Đỏ Bordeaux sẫm kẻ caro Đen NC123,"374,000 đ",OEMASMN2172
Áo sơ mi nam dài tay vải Sợi Tre màu Xanh Dương kẻ caro màu Ghi chìm YAT203,"341,000 đ",OEMASMN2173
Áo sơ mi nam dài tay vải Sợi Tre màu Xanh Dương kẻ caro màu Ghi AT203,"341,000 đ",OEMASMN2174
Áo sơ mi nam dài tay vải Cotton màu Xanh Ngọc in vết xước chìm X8560,"314,000 đ",OEMASMN2178
Áo sơ mi nam dài tay vải Cotton màu Ghi Xám kẻ caro chìm YAT202,"341,000 đ",OEMASMN2175
Áo sơ mi nam dài tay vải Sợi Tre màu Đen kẻ caro màu Xám & Đen YAC131,"374,000 đ",OEMASMN2176
Áo sơ mi nam dài tay vải Sợi Tre màu Xanh Lục kẻ caro to NT204,"341,000 đ",OEMASMN2177
Áo sơ mi nam dài tay vải Sợi Tre màu Xanh Dương nhạt kẻ caro nhỏ AC137,"374,000 đ",OEMASMN2179
Áo sơ mi nam dài tay vải Sợi Tre màu Đen kẻ caro màu Xám & Đen XAC131,"374,000 đ",OEMASMN2180
Áo sơ mi nam cộc tay vải Sợi Tre màu Xanh Đen kẻ sọc Xanh Dương NC140,"474,000 đ",OEMASMN2182
Áo sơ mi nam dài tay vải Cotton màu Xanh Tím Than kẻ caro chìm YAT201,"344,000 đ",OEMASMN2167
Áo sơ mi nam dài tay vải sợi Velvet màu Xanh Ngọc có 2 túi ngực,"398,000 đ",OEMASMN2183
Áo sơ mi nam dài tay vải sợi Velvet màu Xanh Đen có 2 túi ngực,"398,000 đ",OEMASMN2184
Áo sơ mi nam dài tay vải sợi Velvet màu Cánh Sen có 2 túi ngực,"398,000 đ",OEMASMN2185
Áo sơ mi nam dài tay vải sợi Velvet màu Tan có 2 túi ngực,"398,000 đ",OEMASMN2186
Áo sơ mi nam dài tay vải Nhung tuyết màu Xanh Tím Than trơn T3121N1511,"567,000 đ",OEMASMN2188
Áo sơ mi nam dài tay vải sợi Velvet màu Bã trầu tươi có 2 túi ngực,"398,000 đ",OEMASMN2187
Áo sơ mi nam dài tay vải Nhung tuyết màu Da bò nhạt T3121N1511,"567,000 đ",OEMASMN2189
Combo 12 cái Kéo văn phòng lưỡi thép trắng trung Deli 6010 - 210mm,"369,000 đ",KEO002
Combo 12 cái Kéo văn phòng lưỡi thép trắng nhỏ Deli 6009 - 180mm,"259,000 đ",KEO001
Áo sơ mi nam dài tay vải Bò màu Xanh Nước Biển T3121J934,"509,000 đ",OEMASMN2190
Áo sơ mi nam dài tay vải Bò màu Xanh Da Trời T3121J934,"509,000 đ",OEMASMN2191
Áo sơ mi nam dài tay vải sợi Cotton màu Xanh Da Trời T3121C1323,"509,000 đ",OEMASMN2192
Áo sơ mi nam dài tay vải sợi Cotton màu Xanh Tím Than T3121C1323,"509,000 đ",OEMASMN2193
Áo sơ mi nam dài tay vải sợi Cotton màu Ghi kẻ Đen Trắng D3123L1884,"538,000 đ",OEMASMN2194
Áo sơ mi nam dài tay vải sợi Cotton màu Ghi kẻ Xanh Trắng D3123L1884,"538,000 đ",OEMASMN2195
250 Khẩu trang y tế 4 lớp Trường Dương,"191,000 đ",8935313000015
250 Khẩu trang y tế 3 lớp Trường Dương,"167,000 đ",8935313000008
150 Khẩu trang y tế  3 lớp Gold Mask,"158,000 đ",8935313000206
100 Khẩu trang y tế  4 lớp Gold  Mask,"143,000 đ",8935313000220
150 Khẩu trang y tế  4 lớp Gold  Mask,"195,000 đ",8935313000213
100 Khẩu trang y tế 4 lớp Gold Mask hương vỏ bưởi,"172,000 đ",8935313000244
100 Khẩu trang y tế 4 lớp Gold Mask hương bạc hà,"172,000 đ",8935313000251
100 Khẩu trang y tế 4 lớp Gold Mask hương cam ngọt,"172,000 đ",8935313000237
100 Khẩu trang y tế 4 lớp Gold Mask hương chanh sả,"172,000 đ",8935313000169
50 Khẩu trang y tế 3D Gold Mask size M túi 5c,"258,000 đ",8935313000152
30 Khẩu trang y tế 3D  Gold Mask size S túi 5c,"149,000 đ",8935313000145
30 Khẩu trang y tế 3D Gold Mask size M túi 10c,"149,000 đ",8935313000176
25 Khẩu trang y tế 3D Gold Mask size M túi 5c hương vỏ bưởi,"143,000 đ",8935313000114
25 Khẩu trang y tế 3D Gold Mask size M túi 5c hương cam ngọt,"143,000 đ",8935313000091
25 Khẩu trang y tế 3D Gold Mask size M túi 5c hương bạc hà,"143,000 đ",8935313000039
30 Khẩu trang y tế 3D  Gold Mask size S túi 10c,"141,000 đ",8935313000121
25 Khẩu trang y tế 3D Gold Mask size M túi 5c hương chanh sả,"143,000 đ",8935313000060
16 Khẩu trang y tế N95 Gold Mask túi 2 chiếc,"138,000 đ",8935313001203
20 Khẩu trang y tế N95 Gold Mask Hộp 20 chiếc,"148,000 đ",8935313001241
20 Khẩu trang y tế N95 Gold Mask Hộp 10 chiếc,"153,000 đ",8935313001210
10 Tấm chắn giọt bắn cho người lớn,"229,000 đ",8935313000046
10 Tấm chắn giọt bắn cho trẻ em,"182,000 đ",8935313000411
"12 chai Nước muối súc miệng Storin Nacl 0,9% dung tích 1000ml","286,000 đ",8935313000.404
"24 chai Nước muối súc miệng Storin Nacl 0,9% chai 500ml","319,000 đ",8935313000138
16 Khăn thấm sữa sợi tre cao cấp 30x30,"142,000 đ",8935313000299
60 Khăn thấm sữa sợi tre cao cấp 80x80,"159,000 đ",8935313000305
12 Khăn thấm sữa sợi tre cao cấp loại trơn 30x30,"175,000 đ",8935313000312
12 món đồ sơ sinh vải 100% coton tiệt trùng,"169,000 đ",8935313000022
